<?xml version="1.0" encoding="UTF-8"?>
<schema xmlns:xsi="http://www.w3.org/2001/XMLSchema-instance"
        xsi:noNamespaceSchemaLocation="urn:magento:framework:Setup/Declaration/Schema/etc/schema.xsd">
    <table name="product_inquiry" resource="default" engine="innodb" comment="Magneto Product Inquiry Table">
       <column xsi:type="int" name="entity_id" padding="10" unsigned="true" nullable="false" identity="true" comment="Primary Id"/>
        <column xsi:type="varchar" name="product_name" nullable="false" comment="Product Name"/>
        <column xsi:type="varchar" name="product_url" nullable="true" comment="Product Url"/>
        <column xsi:type="varchar" name="name" nullable="false" comment="Name"/>
        <column xsi:type="text" name="phone_number" nullable="false" comment="Phone Number"/>
        <column xsi:type="varchar" name="email" nullable="false" comment="Mail Address"/>
        <column xsi:type="timestamp" name="datetime" nullable="false" default="CURRENT_TIMESTAMP"
                comment="Created At"/>
        <constraint xsi:type="primary" referenceId="PRIMARY">
            <column name="entity_id"/>
        </constraint>
        <index referenceId="MAGNETO_PRODUCT_INQUIRY_FULLTEXT" indexType="fulltext">
            <column name="email"/>
        </index>
    </table>
</schema>
